Rk,Name,Age,Team,WAR,G,PA,AB,R,H,2B,3B,HR,RBI,SB,CS,BB,SO,BA,OBP,SLG,OPS,OPS+,rOBA,Rbat+,TB,GIDP,HBP,SH,SF,IBB,Pos,Awards,Player-additional
1,Aaron Judge,32,NYY,10.8,158,704,559,122,180,36,1,58,144,10,0,133,171,0.322,0.458,0.701,1.159,223,0.484,223,392,22,9,0,2,20,*8D/97,AS,judgeaa01
2,Anthony Santander#,29,BAL,2.9,155,665,595,91,140,25,2,44,102,2,0,58,129,0.235,0.308,0.506,0.814,134,0.346,131,301,9,7,0,5,3,*9D/3H,AS,santaan02
3,Juan Soto*,25,NYY,7.9,157,713,576,128,166,31,4,41,109,7,4,129,119,0.288,0.419,0.569,0.989,178,0.424,179,328,10,4,0,4,2,*9/7DH,AS,sotoju01
4,José Ramírez#,31,CLE,6.8,158,682,620,114,173,39,2,39,118,41,7,54,82,0.279,0.335,0.537,0.872,143,0.376,140,333,9,1,0,6,12,*5D,AS,ramirjo01
5,Brent Rooker,29,OAK,5.6,145,614,546,82,160,26,2,39,112,11,3,59,177,0.293,0.365,0.562,0.927,165,0.399,166,307,5,5,0,4,4,*D/79H,,rookebr01
6,Gunnar Henderson*,23,BAL,9.1,159,719,630,118,177,31,7,37,92,21,4,78,159,0.281,0.364,0.529,0.893,159,0.385,157,333,2,7,0,4,1,*6/D,AS,hendegu01
7,Yordan Alvarez*,27,HOU,5.4,147,635,552,88,170,34,2,35,86,6,0,69,95,0.308,0.392,0.567,0.959,172,0.406,169,313,14,10,0,4,16,D7,AS,alvaryo01
8,Cal Raleigh#,27,SEA,4.6,153,628,546,73,120,16,0,34,100,6,1,70,176,0.22,0.312,0.436,0.748,119,0.324,117,238,7,6,0,6,4,*2D/H,,raleica01
9,Bobby Witt Jr.,24,KCR,9.4,161,709,636,125,211,45,11,32,109,31,12,57,106,0.332,0.389,0.588,0.977,171,0.416,171,374,4,8,0,8,9,*6/D,AS,wittbo02
10,Josh Naylor*,27,CLE,1.5,152,633,563,84,137,27,0,31,108,6,2,58,105,0.243,0.32,0.456,0.776,118,0.336,117,257,17,7,0,4,7,*3D/H,AS,naylojo01
11,Tyler O'Neill,29,BOS,2.7,113,473,411,74,99,18,0,31,61,4,0,53,159,0.241,0.336,0.511,0.847,132,0.365,131,210,13,7,0,2,5,79D/H,,oneilty01
12,Vladimir Guerrero Jr.,25,TOR,6.2,159,697,616,98,199,44,1,30,103,2,2,72,96,0.323,0.396,0.544,0.94,166,0.399,165,335,16,5,0,4,12,*3D5/H,AS,guerrvl02
13,Corey Seager*,30,TEX,5,123,533,475,68,132,21,0,30,74,1,1,53,96,0.278,0.353,0.512,0.864,145,0.363,139,243,8,3,0,2,11,*6D/H,AS,seageco01
14,Shea Langeliers,26,OAK,2.9,137,534,482,58,108,18,2,29,80,4,2,41,145,0.224,0.288,0.45,0.739,111,0.321,111,217,15,5,0,6,2,*2/HD,,langesh01
15,Rafael Devers*,27,BOS,3.7,138,601,525,87,143,34,5,28,83,3,0,67,147,0.272,0.354,0.516,0.871,139,0.368,134,271,13,3,0,6,14,*5/D,AS,deverra01
16,Salvador Perez,34,KCR,2.6,158,652,590,58,160,28,0,27,104,0,0,44,129,0.271,0.33,0.456,0.786,119,0.339,116,269,17,11,0,6,9,23D/H,AS,perezsa02
17,Giancarlo Stanton,34,NYY,0.7,114,459,417,49,97,20,0,27,72,0,0,38,143,0.233,0.298,0.475,0.773,115,0.33,112,198,17,2,0,2,2,*D/H,,stantmi03
18,Alex Bregman,30,HOU,4.1,145,634,581,79,151,30,2,26,75,3,1,44,86,0.26,0.315,0.453,0.768,118,0.334,117,263,13,5,0,4,1,*5/D,,bregmal01
19,Adolis García,31,TEX,0.4,154,637,580,68,130,27,0,25,85,11,5,45,177,0.224,0.284,0.4,0.684,94,0.302,94,232,12,6,0,6,2,*9D/H,,garciad02
20,Taylor Ward,30,LAA,2.3,156,663,585,73,144,26,2,25,75,6,4,63,163,0.246,0.323,0.426,0.748,111,0.329,111,249,11,7,0,8,0,*7D,,wardta01
21,Colton Cowser*,24,BAL,3.1,153,561,499,77,121,24,3,24,69,9,4,52,172,0.242,0.321,0.447,0.768,123,0.329,119,223,9,7,0,3,2,*789H/D,,cowseco01
22,Riley Greene*,23,DET,5.4,137,584,512,82,134,27,6,24,74,4,2,64,156,0.262,0.348,0.479,0.827,133,0.358,133,245,2,5,0,2,3,7D8/9H,AS,greenri03
23,Paul DeJong,30,2TM,0.9,139,482,445,54,101,17,0,24,56,2,2,23,156,0.227,0.276,0.427,0.703,97,0.304,95,190,9,9,0,5,0,65H/D,,dejonpa01
23,Paul DeJong,30,CHW,0.2,102,363,337,39,77,14,0,18,41,2,1,14,112,0.228,0.275,0.43,0.706,99,0.303,95,145,8,9,0,3,0,65/HD,,dejonpa01
23,Paul DeJong,30,KCR,0.7,37,119,108,15,24,3,0,6,15,0,1,9,44,0.222,0.277,0.417,0.694,92,0.308,97,45,1,0,0,2,0,5/HD6,,dejonpa01
24,Zach Neto,23,LAA,5.1,155,602,542,70,135,34,1,23,77,30,10,39,140,0.249,0.318,0.443,0.761,113,0.334,112,240,14,16,4,1,1,*6/H,,netoza01
25,Carlos Santana#,38,MIN,2.5,150,594,521,63,124,26,0,23,71,4,0,65,99,0.238,0.328,0.42,0.749,109,0.329,108,219,11,6,0,2,3,*3/HD,,santaca01
26,Marcus Semien,33,TEX,4.1,159,718,650,101,154,27,2,23,74,8,3,64,105,0.237,0.308,0.391,0.699,100,0.31,100,254,9,3,0,1,2,*4,AS,semiema01
27,Kyle Tucker*,27,HOU,4.7,78,339,277,56,80,13,0,23,49,11,0,56,54,0.289,0.408,0.585,0.993,181,0.426,179,162,5,1,0,2,3,9/DH,AS,tuckeky01
28,Lawrence Butler*,23,OAK,3,125,451,412,63,108,24,2,22,57,18,0,35,108,0.262,0.317,0.49,0.807,131,0.357,130,202,8,0,0,4,0,*9H/8,,butlela01
29,Luke Raley*,29,SEA,3.2,137,455,404,58,98,19,2,22,58,11,2,27,135,0.243,0.32,0.463,0.783,129,0.346,131,187,2,20,2,2,0,739H/8D,,raleylu01
30,Jarren Duran*,27,BOS,8.7,160,735,671,111,191,48,14,21,75,34,7,54,160,0.285,0.342,0.492,0.834,129,0.373,134,330,6,6,1,3,1,*87,AS,duranja01
31,Ryan Jeffers,27,MIN,2.1,122,465,412,56,93,22,0,21,64,3,0,32,94,0.226,0.3,0.432,0.732,103,0.322,103,178,9,14,1,6,0,2DH,,jeffery01
32,Brandon Lowe*,29,TBR,2.4,107,425,385,56,94,19,3,21,58,5,1,33,112,0.244,0.311,0.473,0.783,121,0.339,120,182,7,5,0,2,2,4D3H,,lowebr01
33,Jo Adell,25,LAA,0.9,130,451,405,54,84,15,2,20,62,15,10,35,126,0.207,0.28,0.402,0.682,91,0.297,90,163,9,7,0,3,1,*9H/D8,,adelljo01
34,Jose Altuve,34,HOU,3.4,153,682,628,94,185,31,0,20,65,22,7,47,119,0.295,0.35,0.439,0.79,126,0.348,126,276,15,7,0,0,2,*4/DH,AS,altuvjo01
35,Andrew Benintendi*,29,CHW,-0.8,135,522,477,50,109,20,0,20,64,3,2,41,96,0.229,0.289,0.396,0.685,95,0.299,92,189,12,1,0,3,1,*7H/D8,,beninan01
36,JJ Bleday*,26,OAK,2.2,159,642,572,74,139,43,4,20,60,2,3,67,125,0.243,0.324,0.437,0.762,120,0.333,121,250,8,2,1,0,2,*8H/D,,bledajj01
37,Logan O'Hoppe,24,LAA,2.7,136,522,479,64,117,17,1,20,56,2,3,33,155,0.244,0.303,0.409,0.712,100,0.315,102,196,7,8,1,1,0,*2/HD,,ohopplo01
38,Julio Rodríguez,23,SEA,4.3,143,613,567,76,155,17,0,20,68,24,5,38,156,0.273,0.325,0.409,0.734,116,0.334,121,232,10,6,0,2,1,*8D/H,,rodriju01
39,Randy Arozarena,29,2TM,1.7,154,648,549,77,120,33,0,20,60,20,10,73,169,0.219,0.332,0.388,0.72,109,0.323,113,213,7,22,0,4,0,*7/8DH,,arozara01
39,Randy Arozarena,29,TBR,0.7,100,409,350,45,74,19,0,15,37,16,7,45,101,0.211,0.318,0.394,0.712,104,0.316,104,138,3,11,0,3,0,7/8HD,,arozara01
39,Randy Arozarena,29,SEA,1,54,239,199,32,46,14,0,5,23,4,3,28,68,0.231,0.356,0.377,0.733,118,0.334,127,75,4,11,0,1,0,7/8D,,arozara01
40,Vinnie Pasquantino*,26,KCR,1.1,131,554,496,64,130,30,2,19,97,1,0,40,71,0.262,0.315,0.446,0.76,111,0.328,108,221,12,4,1,13,1,3D/H,,pasquvi01
41,Adley Rutschman#,26,BAL,3.4,148,638,571,68,143,21,1,19,79,1,0,58,103,0.25,0.318,0.391,0.709,107,0.313,107,223,9,2,0,7,3,2D/H,AS,rutscad01
42,George Springer,34,TOR,1.1,145,614,545,74,120,19,3,19,56,16,1,60,115,0.22,0.303,0.371,0.674,92,0.312,97,202,16,6,0,2,0,*9D/H8,,springe01
43,Andrew Vaughn,26,CHW,0.2,149,619,570,55,140,30,1,19,70,2,0,38,132,0.246,0.297,0.402,0.699,99,0.305,96,229,13,6,0,5,0,*3D/H,,vaughan01
44,Byron Buxton,30,MIN,3.6,102,388,355,62,99,27,3,18,56,7,2,20,99,0.279,0.335,0.524,0.859,137,0.369,136,186,3,11,0,2,1,8/HD,,buxtoby01
45,Kerry Carpenter*,26,DET,2.2,87,296,264,37,75,16,5,18,57,0,2,22,75,0.284,0.345,0.587,0.932,159,0.386,156,155,5,4,0,3,1,9DH/7,,carpeke01
46,Cedric Mullins*,29,BAL,2.6,147,499,444,69,104,16,3,18,54,32,6,41,98,0.234,0.305,0.405,0.71,107,0.322,107,180,1,5,2,2,0,*8H/D,,mullice01
47,Jose Siri,28,TBR,1.9,130,448,402,50,75,16,1,18,47,14,7,31,170,0.187,0.255,0.366,0.62,76,0.272,73,147,5,7,2,4,0,*8/H3D,,sirijo01
48,Daulton Varsho*,27,TOR,5.1,136,513,459,73,98,21,7,18,58,10,2,48,137,0.214,0.293,0.407,0.7,98,0.306,94,187,2,4,1,1,1,*87/H9D,,varshda01
49,Jordan Westburg,25,BAL,2.4,107,447,416,57,110,26,5,18,63,6,3,22,97,0.264,0.312,0.481,0.792,129,0.34,127,200,5,7,1,1,0,54/6D,AS,westbjo01
50,Zack Gelof,24,OAK,1.3,138,547,497,60,105,20,2,17,49,25,3,38,188,0.211,0.27,0.362,0.632,82,0.286,80,180,7,4,3,5,0,*4/H,,gelofza01
51,MJ Melendez*,25,KCR,-0.9,135,451,412,44,85,23,3,17,44,4,4,35,113,0.206,0.273,0.4,0.674,87,0.29,83,165,3,3,0,0,1,*7H/D93,,melenmj01
52,Yainer Diaz,25,HOU,3.2,148,619,585,70,175,29,3,16,84,2,0,24,107,0.299,0.325,0.441,0.766,118,0.339,120,258,22,2,0,8,1,2D3/H,,diazya02
53,Wyatt Langford,22,TEX,3.9,134,557,499,74,126,25,4,16,74,19,3,51,115,0.253,0.325,0.415,0.74,111,0.329,110,207,6,4,0,3,3,*7D8,,langfwy01
54,Royce Lewis,25,MIN,0.7,82,325,292,40,68,16,0,16,47,0,0,28,74,0.233,0.295,0.452,0.747,107,0.315,99,132,5,0,0,5,2,5D/H4,,lewisro02
55,Nathaniel Lowe*,28,TEX,2.7,140,565,486,62,129,16,1,16,69,2,0,71,125,0.265,0.361,0.401,0.762,120,0.342,122,195,9,4,0,4,1,*3/HD,,lowena01
56,Isaac Paredes,25,TBR,2.4,101,429,363,41,89,19,1,16,55,0,1,52,68,0.245,0.357,0.435,0.792,127,0.349,129,158,13,12,0,2,2,53D/H,AS,paredis01
57,Jorge Polanco#,30,SEA,1.4,118,469,417,43,89,11,0,16,45,4,2,46,137,0.213,0.296,0.355,0.651,93,0.294,96,148,16,4,0,2,3,*4/DH,,polanjo01
58,Matt Vierling,27,DET,2.9,144,567,518,80,133,28,5,16,57,6,1,41,121,0.257,0.312,0.423,0.735,107,0.323,106,219,9,3,0,5,1,859H7/D3,,vierlma01
59,Wilyer Abreu*,25,BOS,3.5,132,447,399,59,101,33,2,15,58,8,3,40,125,0.253,0.322,0.459,0.781,114,0.339,112,183,7,3,0,5,0,*9H/78D,,abreuwi02
60,Mitch Garver,33,SEA,-0.1,114,430,367,37,63,17,0,15,51,0,0,53,133,0.172,0.286,0.341,0.627,85,0.282,88,125,9,7,0,3,0,D2/H,,garvemi01
61,Trevor Larnach*,27,MIN,1.3,112,400,355,59,92,17,0,15,52,4,1,40,89,0.259,0.338,0.434,0.771,116,0.341,117,154,12,3,0,2,1,7D9H,,larnatr01
62,Ryan O'Hearn*,30,BAL,2,142,494,443,60,117,21,3,15,59,3,1,46,69,0.264,0.334,0.427,0.761,122,0.337,125,189,7,2,0,3,2,3DH9/7,,ohearry01
63,Jeremy Peña,26,HOU,4.1,157,650,602,78,160,28,2,15,70,20,6,25,111,0.266,0.308,0.394,0.701,100,0.311,99,237,15,14,3,6,1,*6,,penaje02
64,Ceddanne Rafaela,23,BOS,2.8,152,571,544,70,134,23,5,15,75,19,10,15,151,0.246,0.274,0.39,0.664,82,0.299,85,212,8,7,2,3,1,864/5H9,,rafaece01
65,Hunter Renfroe,32,KCR,0,120,424,385,44,88,18,0,15,52,1,1,36,84,0.229,0.297,0.392,0.689,92,0.308,94,151,10,2,0,1,0,*9/HD3,,renfrhu01
66,Gleyber Torres,27,NYY,1.8,154,665,587,80,151,26,0,15,63,4,3,65,136,0.257,0.33,0.378,0.709,101,0.318,103,222,6,3,2,8,0,*4/H,,torregl01
67,Seth Brown*,31,OAK,-0.6,124,400,372,32,86,11,1,14,44,4,2,25,112,0.231,0.283,0.379,0.662,91,0.291,90,141,7,2,0,1,0,739H/D8,,brownse01
68,Carlos Correa,29,MIN,3.7,86,367,319,55,99,20,2,14,54,0,0,40,61,0.31,0.388,0.517,0.905,152,0.393,155,165,5,3,0,4,4,6/DH,AS,correca01
69,Yandy Díaz,32,TBR,1.6,145,621,563,55,158,31,1,14,65,0,0,50,95,0.281,0.341,0.414,0.755,116,0.336,119,233,12,4,0,4,0,*3D/H,,diazya01
70,David Fry,28,CLE,1.4,122,392,335,44,88,18,1,14,51,4,1,42,84,0.263,0.356,0.448,0.804,128,0.352,128,150,13,9,0,4,4,DH237/59,AS,fryda01
71,Steven Kwan*,26,CLE,3.9,122,540,480,83,140,16,3,14,44,12,5,53,51,0.292,0.368,0.425,0.793,126,0.352,128,204,5,5,2,0,0,*7/DH,AS,kwanst01
72,Michael Massey*,26,KCR,1.6,100,356,332,45,86,17,2,14,45,1,0,15,56,0.259,0.294,0.449,0.743,105,0.328,108,149,9,3,2,4,1,4HD,,massemi02
73,Mickey Moniak*,26,LAA,-0.1,124,418,392,48,86,17,2,14,49,8,4,21,114,0.219,0.266,0.38,0.646,81,0.283,78,149,3,4,0,1,0,*89H/D7,,moniami01
74,Luis Robert Jr.,26,CHW,1.4,100,425,393,47,88,19,0,14,35,23,6,28,141,0.224,0.278,0.379,0.657,87,0.298,88,149,8,2,0,1,2,8/DH,,roberlu01
75,Triston Casas*,24,BOS,0.4,63,243,212,28,51,8,0,13,32,0,1,30,77,0.241,0.337,0.462,0.8,120,0.34,116,98,6,1,0,0,4,3/HD,,casastr01
76,Jonah Heim#,29,TEX,1.1,131,491,459,45,101,12,1,13,59,1,1,26,90,0.22,0.267,0.336,0.602,72,0.268,71,154,13,4,0,2,0,*2DH,,heimjo01
77,Colt Keith*,22,DET,1.1,148,556,516,54,134,15,4,13,61,7,1,36,110,0.26,0.309,0.38,0.689,96,0.308,95,196,4,2,0,2,2,*4DH,,keithco01
78,Jake Meyers,28,HOU,1.7,148,513,461,51,101,20,3,13,61,11,3,35,117,0.219,0.286,0.36,0.646,85,0.288,83,166,17,10,3,4,0,*8H/7D,,meyerja02
79,Ryan Mountcastle,27,BAL,2.6,124,507,473,54,128,30,2,13,63,3,0,27,114,0.271,0.308,0.425,0.733,113,0.323,114,201,13,1,0,6,0,*3H/D,,mountry01
80,Bo Naylor*,24,CLE,0.7,123,389,354,39,71,10,2,13,39,6,3,29,122,0.201,0.264,0.35,0.614,73,0.272,71,124,3,2,2,2,1,*2H/D,,naylobo01
81,Jhonkensy Noel,22,CLE,1,67,198,179,25,39,7,1,13,28,0,0,13,63,0.218,0.288,0.486,0.774,115,0.333,114,87,1,5,0,1,0,9H/3D7,,noeljh01
82,Nolan Schanuel*,22,LAA,1.3,147,607,519,62,130,19,0,13,54,10,1,68,103,0.25,0.343,0.362,0.706,101,0.321,103,188,14,9,3,7,0,*3/HD,,schanno01
83,Davis Schneider,25,TOR,0,135,454,397,48,76,19,1,13,46,6,0,47,144,0.191,0.282,0.343,0.625,78,0.28,76,136,2,5,0,5,0,74H/D,,schneda03
84,Jon Singleton*,32,HOU,0.3,119,405,355,46,83,13,1,13,42,0,0,47,111,0.234,0.321,0.386,0.707,103,0.317,105,137,2,0,0,3,0,3HD,,singljo02
85,Josh Smith*,26,TEX,3.2,149,592,523,67,135,30,1,13,62,11,2,46,121,0.258,0.337,0.394,0.731,110,0.329,112,206,6,18,2,3,1,56DH/749,,smithjo11
86,Alex Verdugo*,28,NYY,0.7,149,621,559,74,130,28,1,13,61,2,1,49,93,0.233,0.291,0.356,0.647,83,0.288,81,199,14,1,2,10,0,*79/8,,verdual01
87,Matt Wallner*,26,MIN,2.2,75,261,220,26,57,17,1,13,37,3,0,24,95,0.259,0.372,0.523,0.894,149,0.387,149,115,2,16,0,1,0,97DH/1,,wallnma01
88,Austin Wells*,24,NYY,2.5,115,414,354,42,81,18,1,13,55,1,2,47,87,0.229,0.322,0.395,0.718,103,0.318,104,140,9,5,1,7,0,*2H/D,,wellsau01
89,Connor Wong,28,BOS,1.6,126,487,447,54,125,24,1,13,52,8,7,28,114,0.28,0.333,0.425,0.758,110,0.327,107,190,7,9,1,2,1,23DH/47,,wongco01
90,Willi Castro#,27,MIN,1.6,158,635,558,89,138,31,5,12,60,14,9,51,150,0.247,0.331,0.385,0.717,102,0.326,108,215,8,21,1,4,0,64785/H1,AS,castrwi01
91,Ernie Clement,28,TOR,3.5,139,452,434,48,114,21,3,12,51,12,3,11,41,0.263,0.284,0.408,0.692,95,0.317,102,177,11,3,2,2,1,56H/4D17,,clemeer01
92,Mitch Haniger,33,SEA,-0.2,121,423,380,42,79,12,0,12,44,0,0,40,126,0.208,0.286,0.334,0.62,84,0.281,87,127,10,2,0,1,0,9DH,,hanigmi01
93,Spencer Horwitz*,26,TOR,1.2,97,381,328,46,87,19,0,12,40,0,0,42,70,0.265,0.357,0.433,0.79,125,0.346,125,142,8,7,0,4,2,34DH,,horwisp01
94,Korey Lee,25,CHW,0,125,394,377,36,79,14,1,12,37,6,3,17,122,0.21,0.244,0.347,0.591,68,0.264,68,131,12,0,0,0,0,*2H/D,,leeko01
95,Leody Taveras#,25,TEX,0.5,151,529,480,59,110,17,3,12,44,23,6,42,112,0.229,0.289,0.352,0.641,84,0.293,84,169,8,0,3,4,0,*8/HD,,taverle01
96,Anthony Volpe,23,NYY,3.4,160,689,637,90,155,27,7,12,60,28,7,42,156,0.243,0.293,0.364,0.657,86,0.296,84,232,9,4,2,3,1,*6/H,,volpean01
97,Jazz Chisholm Jr.*,26,NYY,1.5,46,191,176,28,48,7,0,11,23,18,2,14,45,0.273,0.325,0.5,0.825,130,0.373,130,88,2,0,0,1,0,8-May,,chishja01
98,Rob Refsnyder,33,BOS,0.8,93,307,272,32,77,16,1,11,40,2,2,28,78,0.283,0.359,0.471,0.83,129,0.354,126,128,6,5,0,1,2,79HD,,refsnro01
99,Ramón Urías,30,BAL,1.5,100,301,272,39,69,9,2,11,37,1,1,23,55,0.254,0.322,0.423,0.745,117,0.326,117,115,0,5,0,1,0,5/H4D3,,uriasra01
100,Justin Turner,39,2TM,1.5,139,539,460,59,119,24,0,11,55,0,2,59,95,0.259,0.354,0.383,0.737,114,0.328,116,176,16,13,0,7,2,D3H/5,,turneju01
100,Justin Turner,39,TOR,0.4,91,349,301,37,77,17,0,6,31,0,2,39,60,0.256,0.35,0.372,0.722,107,0.321,109,112,15,6,0,3,0,D3/H5,,turneju01
100,Justin Turner,39,SEA,1.2,48,190,159,22,42,7,0,5,24,0,0,20,35,0.264,0.363,0.403,0.766,128,0.341,130,64,1,7,0,4,2,3D/H5,,turneju01
101,Josh Lowe*,26,TBR,0.7,106,387,353,37,85,19,2,10,34,25,1,32,123,0.241,0.302,0.391,0.693,98,0.315,93,138,2,0,0,2,4,97/HD8,,lowejo01
102,Dylan Moore,31,SEA,2.2,135,441,368,53,74,23,4,10,42,32,6,53,123,0.201,0.32,0.367,0.687,104,0.322,109,135,8,14,1,5,1,6547H3/8,,mooredy01
103,Jake Rogers,29,DET,1,102,337,310,43,61,16,1,10,36,1,0,22,99,0.197,0.255,0.352,0.607,71,0.27,69,109,6,3,0,2,1,2/DH,,rogerja03
104,Gavin Sheets*,28,CHW,-0.8,139,501,451,35,105,24,1,10,45,2,2,43,106,0.233,0.303,0.357,0.66,90,0.292,88,161,6,4,0,3,2,93DH,,sheetga01
105,Spencer Torkelson,24,DET,0.3,92,381,342,45,75,21,1,10,37,0,0,33,105,0.219,0.295,0.374,0.669,89,0.293,86,128,6,4,0,1,0,3/D,,torkesp01
106,Mike Trout,32,LAA,1.1,29,126,109,17,24,1,2,10,14,6,1,16,27,0.22,0.325,0.541,0.867,140,0.372,136,59,0,1,0,0,1,8/D,,troutmi01
107,Masataka Yoshida*,30,BOS,1.4,108,421,378,45,106,21,0,10,56,2,0,27,52,0.28,0.349,0.415,0.765,112,0.341,114,157,6,14,0,2,0,DH/7,,yoshima02
108,José Caballero,27,TBR,1.7,139,483,441,53,100,24,1,9,44,44,16,27,133,0.227,0.283,0.347,0.63,80,0.292,83,153,6,9,3,3,1,654H/D,,cabaljo01
109,J.P. Crawford*,29,SEA,2.7,105,451,392,55,79,16,2,9,37,5,0,52,102,0.202,0.304,0.321,0.625,86,0.286,89,126,4,6,0,1,0,6/HD,,crawfjp01
110,Andrés Giménez*,25,CLE,4,152,633,583,64,147,22,1,9,63,30,5,26,97,0.252,0.298,0.34,0.638,82,0.294,81,198,11,15,3,6,1,*4,,gimenan01
111,Trent Grisham*,27,NYY,0.4,76,209,179,21,34,8,0,9,31,1,1,22,57,0.19,0.29,0.385,0.675,90,0.306,95,69,5,4,1,2,1,8H/D,,grishtr01
112,Parker Meadows*,24,DET,2.2,82,298,270,39,66,12,6,9,28,9,4,25,76,0.244,0.31,0.433,0.743,109,0.324,108,117,0,1,1,1,0,8/H,,meadopa01
113,José Miranda,26,MIN,1.6,121,429,401,44,114,28,4,9,49,2,2,18,66,0.284,0.322,0.441,0.763,112,0.333,112,177,13,6,0,4,1,5DH3/6,,miranjo01
114,Wenceel Pérez#,24,DET,0.7,112,425,389,51,94,16,6,9,37,9,5,32,92,0.242,0.3,0.383,0.683,93,0.302,93,149,5,1,2,1,0,98H/7D,,perezwe01
115,Tyler Soderstrom*,22,OAK,0.5,61,213,189,18,44,10,0,9,26,0,0,20,53,0.233,0.315,0.429,0.743,114,0.33,118,81,7,3,0,1,1,3/H2,,soderty01
116,Carson Kelly,29,2TM,0.5,91,313,281,32,67,9,1,9,37,0,0,25,55,0.238,0.313,0.374,0.687,96,0.305,95,105,6,6,0,1,0,2/DH,,kellyca02
116,Carson Kelly,29,DET,0.7,60,203,179,21,43,4,1,7,29,0,0,17,40,0.24,0.325,0.391,0.716,104,0.315,102,70,3,6,0,1,0,2/HD,,kellyca02
116,Carson Kelly,29,TEX,-0.2,31,110,102,11,24,5,0,2,8,0,0,8,15,0.235,0.291,0.343,0.634,82,0.286,83,35,3,0,0,0,0,2/DH,,kellyca02
117,Danny Jansen,29,2TM,0.7,92,324,278,35,57,13,0,9,24,0,0,40,61,0.205,0.309,0.349,0.658,87,0.302,91,97,4,3,0,3,0,2H/D,,janseda01
117,Danny Jansen,29,TOR,0.6,62,228,198,27,42,13,0,6,18,0,0,25,42,0.212,0.303,0.369,0.671,91,0.3,92,73,1,2,0,3,0,2/HD,,janseda01
117,Danny Jansen,29,BOS,0.1,30,96,80,8,15,0,0,3,6,0,0,15,19,0.188,0.323,0.3,0.623,75,0.307,90,24,3,1,0,0,0,2/HD,,janseda01
118,Will Brennan*,26,CLE,-0.2,114,353,330,37,87,13,2,8,30,4,2,19,48,0.264,0.309,0.388,0.697,97,0.307,96,128,9,3,0,1,2,97HD/8,,brennwi02
119,Oswaldo Cabrera#,25,NYY,1.3,108,326,299,47,74,11,0,8,36,4,2,21,63,0.247,0.296,0.365,0.661,87,0.3,90,109,6,1,2,3,0,5H34/6791,,cabreos01
120,Dominic Canzone*,26,SEA,0.1,67,188,168,20,33,7,0,8,17,1,0,18,53,0.196,0.271,0.381,0.652,91,0.29,92,64,5,0,0,2,2,97H/D,,canzodo01
121,Victor Caratini#,30,HOU,1.3,87,274,245,30,66,8,1,8,30,0,1,23,53,0.269,0.336,0.408,0.744,113,0.325,113,100,6,3,0,3,1,2H3/D,,caratvi01
122,Ty France,29,SEA,-0.2,88,340,300,28,67,14,0,8,31,0,1,28,83,0.223,0.312,0.35,0.662,97,0.3,102,105,11,11,0,1,0,3/H4D,,francty01
123,David Hamilton*,26,BOS,2.6,98,317,294,47,73,17,1,8,28,33,4,22,80,0.248,0.303,0.395,0.697,92,0.331,95,116,1,1,0,0,0,64H,,hamilda03
124,Kyle Isbel*,27,KCR,1.8,136,426,384,62,88,13,8,8,42,11,2,27,88,0.229,0.287,0.367,0.654,83,0.296,82,141,4,5,8,2,0,*8H,,isbelky01
125,Edouard Julien*,25,MIN,-0.2,94,301,266,36,53,9,0,8,21,6,0,33,102,0.199,0.292,0.323,0.616,74,0.288,76,86,2,2,0,0,0,4H/D3,,julieed01
126,Max Kepler*,31,MIN,1,105,399,368,43,93,21,1,8,42,1,0,22,80,0.253,0.302,0.38,0.682,91,0.315,98,140,3,5,0,3,0,9H/D,,keplema01
127,Justyn-Henry Malloy,24,DET,-0.4,71,230,202,18,41,7,1,8,21,1,1,23,85,0.203,0.291,0.366,0.658,86,0.289,84,74,2,3,0,2,0,D7H/9,,malloju02
128,James McCann,34,BAL,0.8,65,233,214,27,50,9,0,8,31,1,0,13,56,0.234,0.279,0.388,0.667,94,0.293,93,83,3,2,0,4,0,1-Feb,,mccanja02
129,Anthony Rizzo*,34,NYY,0.2,92,375,337,38,77,12,0,8,35,0,0,27,65,0.228,0.301,0.335,0.637,81,0.297,88,113,7,9,0,2,0,3/H,,rizzoan01
130,Brayan Rocchio#,23,CLE,1.8,143,442,383,50,79,18,0,8,36,10,6,44,90,0.206,0.298,0.316,0.614,76,0.281,78,121,11,8,2,5,1,*6/H,,rocchbr01
131,Josh Rojas*,30,SEA,2.2,142,476,422,48,95,19,2,8,31,10,4,46,108,0.225,0.304,0.336,0.641,91,0.289,92,142,6,3,1,2,1,*5H4/713D,,rojasjo01
132,Lenyn Sosa,24,CHW,-0.4,100,369,351,28,89,13,0,8,35,3,1,12,77,0.254,0.283,0.359,0.642,84,0.282,79,126,5,3,2,1,1,54/H3D,,sosale01
133,Jose Trevino,31,NYY,0.6,73,234,209,26,45,5,0,8,28,1,0,20,41,0.215,0.288,0.354,0.642,81,0.287,80,74,12,2,1,2,0,2/H1,,trevijo01
134,Nelson Velázquez,25,KCR,-0.5,64,230,205,31,41,8,1,8,27,2,0,19,61,0.2,0.274,0.366,0.64,78,0.285,76,75,6,3,0,3,0,D97/H,,velazne01
135,Kevin Pillar,35,2TM,0.4,100,314,284,38,65,16,1,8,45,12,3,16,69,0.229,0.291,0.377,0.667,88,0.298,86,107,10,10,1,3,0,8H79D,,pillake01
135,Kevin Pillar,35,CHW,0,17,32,25,1,4,2,0,1,4,2,0,4,8,0.16,0.29,0.36,0.65,86,0.303,83,9,0,1,1,1,0,/H89D,,pillake01
135,Kevin Pillar,35,LAA,0.3,83,282,259,37,61,14,1,7,41,10,3,12,61,0.236,0.291,0.378,0.669,88,0.298,86,98,10,9,0,2,0,8H79/D,,pillake01
136,Addison Barger*,24,TOR,0.4,69,225,208,20,41,11,0,7,28,2,0,14,60,0.197,0.25,0.351,0.601,70,0.272,70,73,1,1,0,1,0,59H7/D,,bargead01
137,Mark Canha,35,DET,0.6,93,377,320,42,74,17,0,7,38,4,0,42,79,0.231,0.337,0.35,0.687,97,0.32,103,112,9,11,0,4,2,3D79/H,,canhama01
138,Tyler Freeman,25,CLE,0.8,118,383,330,48,69,14,1,7,32,11,6,28,53,0.209,0.305,0.321,0.626,79,0.288,83,106,15,19,3,3,1,8H6/54D,,freemty01
139,Maikel Garcia,24,KCR,1.2,157,626,575,84,133,27,5,7,58,37,2,42,103,0.231,0.281,0.332,0.614,72,0.287,69,191,7,0,4,5,0,*54H/69,,garcima01
140,Josh Jung,26,TEX,0.6,46,188,178,19,47,5,1,7,16,4,0,8,48,0.264,0.298,0.421,0.719,104,0.319,103,75,1,1,0,1,0,5/D,,jungjo01
141,Isiah Kiner-Falefa,29,TOR,3.2,83,281,257,32,75,8,2,7,33,3,1,13,37,0.292,0.338,0.42,0.758,116,0.338,119,108,9,6,3,2,0,456/H18,,kineris01
142,Tyler Nevin,27,OAK,-0.2,87,278,245,22,50,10,0,7,20,1,0,25,64,0.204,0.288,0.331,0.618,80,0.279,80,81,5,5,0,3,0,359H7/D,,nevinty01
143,Ben Rice*,25,NYY,-0.4,50,178,152,20,26,6,0,7,23,0,1,20,48,0.171,0.264,0.349,0.613,72,0.275,74,53,2,1,0,5,0,3/H2,,ricebe01
144,Max Schuemann,27,OAK,0.8,133,459,396,55,87,14,0,7,34,14,1,47,119,0.22,0.311,0.308,0.619,82,0.292,86,122,8,7,5,4,0,65/4H789,,schuema01
145,Lane Thomas,28,CLE,-0.2,53,187,172,23,36,10,0,7,23,4,2,12,65,0.209,0.267,0.39,0.657,85,0.28,76,67,1,2,0,1,1,89/HD,,thomala02
146,Christian Vázquez,33,MIN,-0.2,93,315,294,29,65,10,0,7,27,3,1,11,65,0.221,0.248,0.327,0.575,60,0.262,60,96,11,1,5,4,0,2/5DH3,,vazquch01
147,Tommy Pham,36,2TM,0.2,93,401,372,42,95,17,2,7,27,7,3,28,90,0.255,0.309,0.368,0.678,93,0.312,100,137,3,1,0,0,0,987/DH,,phamth01
147,Tommy Pham,36,CHW,0,70,297,271,33,72,14,1,5,19,6,3,25,63,0.266,0.33,0.38,0.71,104,0.327,112,103,2,1,0,0,0,987/HD,,phamth01
147,Tommy Pham,36,KCR,0.1,23,104,101,9,23,3,1,2,8,1,0,3,27,0.228,0.25,0.337,0.587,64,0.272,66,34,1,0,0,0,0,7/9D,,phamth01
148,Jonathan Aranda*,26,TBR,0.7,44,143,128,22,30,7,0,6,14,0,0,12,32,0.234,0.308,0.43,0.737,109,0.325,111,55,2,2,0,1,0,3DH/45,,arandjo01
149,Javier Báez,31,DET,-1.1,80,289,272,25,50,12,0,6,37,8,1,12,69,0.184,0.221,0.294,0.516,46,0.236,41,80,10,2,0,3,1,6/H,,baezja01
150,Junior Caminero,20,TBR,0.7,43,177,165,15,41,9,1,6,18,2,0,11,38,0.248,0.299,0.424,0.724,105,0.315,102,70,2,1,0,0,2,5/D3H,,caminju01
151,Jonny DeLuca,25,TBR,0.6,107,362,332,29,72,12,4,6,31,16,6,24,77,0.217,0.278,0.331,0.609,75,0.279,76,110,1,4,2,0,1,98H7/D,,delucjo01
152,Freddy Fermin,29,KCR,3,111,368,339,40,92,14,0,6,36,2,0,23,66,0.271,0.319,0.366,0.685,93,0.307,92,124,10,2,1,3,1,2D/H,,fermifr01
153,Romy González,27,BOS,1,89,216,199,25,53,10,1,6,29,11,3,12,58,0.266,0.306,0.417,0.723,99,0.326,100,83,5,1,0,4,0,H4635/97D8,,gonzaro01
154,Luis Rengifo#,27,LAA,1.9,78,304,283,41,85,13,1,6,30,24,7,16,44,0.3,0.347,0.417,0.763,116,0.344,116,118,6,4,1,0,0,54/H69D,,rengilu01
155,Dominic Smith*,29,BOS,0,84,278,249,29,59,20,0,6,34,1,1,25,65,0.237,0.317,0.39,0.706,96,0.314,96,97,7,4,0,0,0,3H/D1,,smithdo02
156,Abraham Toro#,27,OAK,0.6,94,364,337,34,81,17,1,6,26,4,2,20,62,0.24,0.293,0.35,0.643,87,0.285,85,118,4,5,2,0,1,54DH/37,,toroab01
157,Enmanuel Valdéz*,25,BOS,-0.6,76,223,201,23,43,12,0,6,28,1,1,17,53,0.214,0.27,0.363,0.633,74,0.277,70,73,4,0,1,4,0,4H/D57,,valdeen01
158,Eloy Jiménez,27,2TM,-0.7,98,349,324,25,77,14,0,6,23,3,0,22,70,0.238,0.289,0.336,0.626,81,0.282,80,109,13,2,0,1,1,DH/9,,jimenel02
158,Eloy Jiménez,27,CHW,-0.5,65,249,229,18,55,9,0,5,16,3,0,18,47,0.24,0.297,0.345,0.642,84,0.284,80,79,11,1,0,1,1,D/H9,,jimenel02
158,Eloy Jiménez,27,BAL,-0.2,33,100,95,7,22,5,0,1,7,0,0,4,23,0.232,0.27,0.316,0.586,72,0.276,81,30,2,1,0,0,0,D/H,,jimenel02
159,Willie Calhoun*,29,LAA,-0.2,68,254,229,26,56,16,0,5,20,0,1,23,31,0.245,0.315,0.38,0.695,97,0.301,92,87,5,1,0,1,1,D/H37,,calhowi01
160,Daz Cameron,27,OAK,-0.5,66,186,170,22,34,5,1,5,15,5,0,13,51,0.2,0.258,0.329,0.587,70,0.268,69,56,3,1,0,2,0,79H8/D,,camerda01
161,Evan Carter*,21,TEX,0.6,45,162,144,23,27,6,2,5,15,2,0,15,43,0.188,0.272,0.361,0.633,80,0.284,79,52,1,2,0,1,0,7/9HD8,,carteev01
162,Kyle Farmer,33,MIN,-0.3,107,242,215,26,46,13,1,5,25,3,5,19,49,0.214,0.293,0.353,0.647,82,0.281,80,76,6,6,0,2,1,45H6/13D,,farmeky01
163,Jackson Holliday*,20,BAL,0.1,60,208,190,28,36,4,2,5,23,4,0,15,69,0.189,0.255,0.311,0.565,66,0.265,70,59,1,2,0,1,0,4/H6D,,hollija01
164,Andy Ibáñez,31,DET,1.4,99,244,224,30,54,9,1,5,32,2,3,15,63,0.241,0.295,0.357,0.652,85,0.289,86,80,2,3,0,2,0,H453/7D6,,ibanean01
165,Alex Kirilloff*,26,MIN,-0.6,57,178,159,20,32,8,3,5,20,0,0,15,47,0.201,0.27,0.384,0.653,81,0.287,79,61,5,1,0,3,0,7D3/H9,,kirilal01
166,Alejandro Kirk,25,TOR,2.1,103,386,340,23,86,19,1,5,54,0,0,35,51,0.253,0.319,0.359,0.677,94,0.303,94,122,11,2,0,9,1,2/HD,,kirkal01
167,Kyle Manzardo*,23,CLE,0,53,156,145,11,34,12,0,5,15,0,0,9,41,0.234,0.282,0.421,0.703,97,0.307,96,61,3,1,0,1,0,DH/3,,manzaky01
168,Jorge Mateo,29,BAL,0.8,68,208,192,30,44,14,2,5,18,13,2,10,48,0.229,0.267,0.401,0.668,93,0.294,87,77,3,1,2,3,0,4/6H8D,,mateojo01
169,Kyle McCann*,26,OAK,0.2,54,157,140,13,33,4,0,5,15,0,0,16,59,0.236,0.318,0.371,0.69,101,0.305,100,52,2,1,0,0,1,2/HD,,mccanky01
170,Chas McCormick,29,HOU,-0.6,94,267,242,32,51,6,1,5,27,8,2,17,72,0.211,0.271,0.306,0.576,66,0.274,71,74,3,4,1,3,0,798/H,,mccorch01
171,Richie Palacios*,27,TBR,1.8,92,316,264,46,59,8,1,5,21,19,1,45,67,0.223,0.346,0.318,0.664,94,0.318,96,84,5,5,0,1,2,497H/D56,,palacri01
172,Daniel Schneemann*,27,CLE,0.6,73,221,193,17,42,10,2,5,22,3,2,25,70,0.218,0.303,0.368,0.671,91,0.297,90,71,1,0,0,3,0,6589H/47D,,schneda04
173,Gio Urshela,32,DET,-0.3,92,325,300,25,73,10,1,5,37,0,0,19,49,0.243,0.286,0.333,0.619,76,0.284,79,100,12,1,0,5,1,53/HD,,urshegi01
174,Miguel Andujar,29,OAK,0.4,75,319,302,31,86,14,1,4,30,3,2,13,42,0.285,0.32,0.377,0.697,103,0.308,103,114,10,3,0,1,0,7/D3H,,andujmi01
175,Bo Bichette,26,TOR,-0.3,81,336,311,29,70,16,1,4,31,5,1,20,64,0.225,0.277,0.322,0.598,71,0.269,68,100,12,3,0,2,1,6,,bichebo01
176,Dairon Blanco,31,KCR,0.1,88,132,120,37,31,4,0,4,13,31,7,8,32,0.258,0.308,0.392,0.699,96,0.327,85,47,2,1,1,1,0,H798D,,blancda02
177,J.D. Davis,31,2TM,-0.4,46,157,142,13,31,5,0,4,6,0,0,12,39,0.218,0.293,0.338,0.631,83,0.278,79,48,5,3,0,0,0,35/DH,,davisjd01
177,J.D. Davis,31,OAK,-0.1,39,135,123,12,29,4,0,4,5,0,0,9,30,0.236,0.304,0.366,0.67,94,0.292,91,45,3,3,0,0,0,35/DH,,davisjd01
177,J.D. Davis,31,NYY,-0.2,7,22,19,1,2,1,0,0,1,0,0,3,9,0.105,0.227,0.158,0.385,13,0.191,12,3,2,0,0,0,0,/3DH,,davisjd01
178,Brandon Drury,31,LAA,-2,97,360,325,28,55,7,0,4,15,1,0,27,81,0.169,0.242,0.228,0.469,35,0.228,38,74,13,5,0,3,0,45D3/H,,drurybr01
179,Mauricio Dubón,29,HOU,1.1,137,428,402,45,108,25,0,4,47,3,2,16,55,0.269,0.296,0.361,0.657,88,0.289,85,145,6,2,3,5,0,7483H95/6,,dubonma01
180,Adam Frazier*,32,KCR,0.3,104,294,262,35,53,10,1,4,22,3,0,22,59,0.202,0.282,0.294,0.576,63,0.269,64,77,0,7,3,0,0,4H9D7/53,,fraziad01
181,Jason Heyward*,34,HOU,0.3,24,61,55,8,12,2,0,4,9,1,0,5,17,0.218,0.283,0.473,0.756,112,0.316,102,26,0,0,0,0,2,9/7H8,,heywaja01
182,Leo Jiménez,23,TOR,0.8,63,210,179,18,41,11,0,4,19,0,0,12,59,0.229,0.329,0.358,0.686,97,0.31,99,64,6,16,0,3,0,64/HD,,jimenle01
183,Niko Kavadas*,25,LAA,-0.2,30,106,93,11,17,2,0,4,8,1,0,11,41,0.183,0.283,0.333,0.616,75,0.28,74,31,0,2,0,0,0,D/3H,,kavadni01
184,Kevin Kiermaier*,34,TOR,0.9,82,217,200,24,39,7,2,4,18,5,0,10,66,0.195,0.236,0.31,0.546,55,0.25,51,62,3,1,5,1,0,8/H9D,,kiermke01
185,Heston Kjerstad*,25,BAL,0.4,39,114,99,8,25,2,0,4,14,1,0,10,33,0.253,0.351,0.394,0.745,119,0.336,123,39,0,5,0,0,2,D7H/9,,kjershe01
186,Martín Maldonado,37,CHW,-1.3,48,147,135,9,16,3,0,4,11,0,0,8,51,0.119,0.174,0.23,0.403,15,0.18,5,31,5,1,3,0,0,2,,maldoma01
187,Manuel Margot,29,MIN,-0.6,129,343,315,37,75,17,1,4,31,5,0,21,54,0.238,0.289,0.337,0.626,76,0.281,72,106,10,3,1,3,0,*79H8/D,,margoma01
188,Zach McKinstry*,29,DET,0.8,118,325,297,32,64,14,5,4,23,16,0,24,69,0.215,0.277,0.337,0.614,74,0.288,74,100,3,2,0,2,0,65H479/1D,,mckinza01
189,Emmanuel Rivera,28,BAL,0.2,27,73,64,9,20,3,1,4,14,0,0,6,18,0.313,0.37,0.578,0.948,173,0.392,165,37,2,1,0,2,0,5/3HD,,riverem01
190,Víctor Robles,27,SEA,3.2,77,262,229,41,75,20,0,4,26,30,1,16,44,0.328,0.393,0.467,0.86,155,0.4,155,107,2,10,5,2,0,897/HD,,roblevi01
191,Trey Sweeney*,24,DET,0.8,36,119,110,11,24,5,0,4,17,2,0,7,32,0.218,0.269,0.373,0.642,81,0.29,81,41,3,1,0,1,0,6,,sweentr01
192,Luis Urías,27,SEA,0.4,41,109,94,11,18,7,0,4,16,0,0,9,34,0.191,0.303,0.394,0.696,105,0.307,106,37,2,6,0,0,0,5/HD,,uriaslu01
193,Joey Loperfido*,25,2TM,0.5,81,262,243,24,52,13,4,4,25,4,2,13,95,0.214,0.264,0.35,0.614,75,0.275,74,85,3,4,1,1,0,789/H3D,,loperjo01
193,Joey Loperfido*,25,HOU,0.3,38,118,106,11,25,5,1,2,16,2,1,7,43,0.236,0.299,0.358,0.658,89,0.289,85,38,1,3,1,1,0,79/H83D,,loperjo01
193,Joey Loperfido*,25,TOR,0.2,43,144,137,13,27,8,3,2,9,2,1,6,52,0.197,0.236,0.343,0.579,63,0.263,65,47,2,1,0,0,0,78/H3D,,loperjo01
194,Gabriel Arias,24,CLE,-0.4,53,161,153,15,34,9,1,3,15,5,2,6,53,0.222,0.255,0.353,0.608,71,0.273,71,54,4,1,0,1,0,56/4H38D79,,ariasga01
195,Dylan Carlson#,25,TBR,-0.3,37,127,114,7,25,2,0,3,14,2,0,10,38,0.219,0.299,0.316,0.615,78,0.281,77,36,0,3,0,0,0,7/H9D,,carlsdy01
196,Ezequiel Durán,25,TEX,0.1,92,285,268,26,66,11,0,3,20,1,2,14,63,0.246,0.288,0.321,0.609,75,0.273,75,86,6,2,0,1,0,573DH/6498,,duranez01
197,Estevan Florial*,26,CLE,0.1,36,111,98,11,17,6,2,3,11,2,1,11,41,0.173,0.264,0.367,0.631,78,0.275,73,36,2,1,1,0,0,79D/H8,,flories01
198,Robbie Grossman#,34,3TM,-0.3,87,245,208,21,44,8,0,3,16,3,0,34,58,0.212,0.322,0.293,0.616,79,0.291,84,61,8,1,0,2,0,DH79,,grossro01
198,Robbie Grossman#,34,CHW,-0.1,25,85,71,6,15,4,0,0,4,2,0,13,20,0.211,0.329,0.268,0.597,75,0.295,85,19,2,0,0,1,0,9/H7D,,grossro01
198,Robbie Grossman#,34,TEX,0.2,46,122,105,13,25,4,0,3,10,1,0,16,25,0.238,0.336,0.362,0.698,101,0.318,104,38,5,0,0,1,0,DH7/9,,grossro01
198,Robbie Grossman#,34,KCR,-0.4,16,38,32,2,4,0,0,0,2,0,0,5,13,0.125,0.263,0.125,0.388,15,0.201,17,4,1,1,0,0,0,D/H79,,grossro01
199,Brett Harris,26,OAK,-0.5,36,123,103,15,15,3,0,3,12,0,3,17,25,0.146,0.276,0.262,0.539,59,0.253,71,27,3,2,0,1,0,5/H,,harribr02
200,Austin Hays,28,BAL,0.2,63,175,157,18,40,13,0,3,14,0,1,9,40,0.255,0.316,0.395,0.711,108,0.316,112,62,1,6,1,2,1,7H/9D,,haysau01
201,Derek Hill,28,TEX,0,16,45,43,5,11,0,0,3,5,2,1,2,14,0.256,0.289,0.465,0.754,112,0.365,140,20,1,0,0,0,0,/9H87D,,hillde01
202,Alex Jackson,28,TBR,-0.4,58,155,139,17,17,7,0,3,12,1,0,12,53,0.122,0.201,0.237,0.439,26,0.213,29,33,2,2,1,1,0,2/H,,jacksal02
203,Corey Julks,28,CHW,-1.1,66,189,173,17,37,7,0,3,14,5,2,15,50,0.214,0.275,0.306,0.581,67,0.261,64,53,6,0,0,1,0,97H/D8,,julksco01
204,Brooks Lee#,23,MIN,-0.2,50,185,172,9,38,6,1,3,27,3,0,11,27,0.221,0.265,0.32,0.585,64,0.256,53,55,6,0,0,2,2,654/HD,,leebr02
205,Ángel Martínez#,22,CLE,0.1,43,169,151,16,35,7,0,3,11,3,1,15,33,0.232,0.298,0.338,0.635,81,0.286,80,51,2,0,1,2,0,87/9H5D4,,martian02
206,Reese McGuire*,29,BOS,0.1,53,158,139,10,29,3,0,3,18,3,0,13,39,0.209,0.28,0.295,0.575,61,0.269,60,41,4,2,1,3,0,2/HD,,mcguire01
207,Danny Mendick,30,CHW,-0.3,47,141,132,13,26,7,0,3,8,6,0,6,35,0.197,0.243,0.318,0.561,60,0.255,53,42,3,2,1,0,0,54H/1D,,mendida01
208,Christopher Morel,25,TBR,-0.8,49,190,173,13,33,4,2,3,9,1,2,14,56,0.191,0.258,0.289,0.547,57,0.241,53,50,4,2,0,1,1,4D7/H,,morelch01
209,Bryan Ramos,22,CHW,-0.2,32,108,99,13,20,4,0,3,11,0,2,7,22,0.202,0.252,0.333,0.586,67,0.273,80,33,3,0,0,1,0,5/DH,,ramosbr01
210,Ben Rortvedt*,26,TBR,0.9,112,328,290,27,66,13,0,3,31,1,0,34,88,0.228,0.317,0.303,0.621,80,0.287,83,88,6,4,0,0,0,*2H/1,,rortvbe01
211,José Abreu,37,HOU,-1.7,35,120,113,10,14,2,0,2,7,0,0,4,28,0.124,0.167,0.195,0.361,4,0.163,-5,22,4,2,0,1,0,3/H,,abreujo02
212,Akil Baddoo*,25,DET,-0.5,31,82,73,7,10,2,2,2,5,1,0,8,27,0.137,0.22,0.301,0.521,47,0.23,39,22,0,0,0,1,0,7/89H,,baddoak01
213,Brooks Baldwin#,23,CHW,0,33,121,114,9,24,6,0,2,8,4,0,6,31,0.211,0.25,0.316,0.566,62,0.263,60,36,1,0,1,0,0,6-Apr,,baldwbr01
214,Cavan Biggio*,29,TOR,0.5,44,131,110,15,22,4,0,2,9,2,0,14,42,0.2,0.323,0.291,0.614,78,0.29,82,32,1,6,0,0,0,49/H35D,,biggica01
215,Ryan Bliss,24,SEA,0.4,33,71,63,10,14,3,1,2,9,5,3,5,22,0.222,0.29,0.397,0.687,102,0.292,98,25,1,1,2,0,0,4H/D,,blissry01
216,Zach Dezenzo,24,HOU,-0.2,19,65,62,5,15,2,0,2,8,0,0,3,22,0.242,0.277,0.371,0.648,84,0.307,98,23,3,0,0,0,0,3/5DH,,dezenza01
217,Jasson Domínguez#,21,NYY,-0.1,18,67,56,8,10,1,0,2,4,5,0,11,19,0.179,0.313,0.304,0.617,77,0.315,88,17,0,0,0,0,0,7/8HD,,dominja01
218,Austin Hedges,31,CLE,-0.6,66,146,132,12,20,3,0,2,15,2,0,6,50,0.152,0.203,0.22,0.422,21,0.199,14,29,2,3,3,2,0,1-Feb,,hedgeau01
219,Charles Leblanc,28,LAA,0.1,11,28,21,6,4,0,0,2,6,0,0,7,9,0.19,0.393,0.476,0.869,146,0.378,145,10,0,0,0,0,0,/543D,,leblach01
220,DJ LeMahieu,35,NYY,-1.6,67,228,201,19,41,5,0,2,26,0,1,19,35,0.204,0.269,0.259,0.527,51,0.244,51,52,13,1,1,6,0,35/H,,lemahdj01
221,Tyler Locklear,23,SEA,-0.3,16,49,45,3,7,1,0,2,3,1,0,3,20,0.156,0.224,0.311,0.536,57,0.241,55,14,3,1,0,0,0,3/H,,locklty01
222,Ryan McKenna,27,BAL,0.1,9,9,8,3,3,0,0,2,2,0,1,1,1,0.375,0.444,1.125,1.569,341,0.563,326,9,0,0,0,0,0,/9H78,,mckenry01
223,Connor Norby,24,BAL,0.1,9,32,32,3,6,1,0,2,3,0,0,0,12,0.188,0.188,0.406,0.594,68,0.247,60,13,1,0,0,0,0,/4,,norbyco01
224,René Pinto,27,TBR,-0.1,19,49,42,5,9,3,0,2,6,0,0,4,18,0.214,0.292,0.429,0.72,104,0.306,97,18,0,1,1,1,0,2,,pintore02
225,Amed Rosario,28,TBR,0.5,76,275,264,22,81,17,3,2,26,9,4,7,48,0.307,0.331,0.417,0.748,114,0.333,116,110,9,3,0,1,0,4956DH,,rosaram01
226,Esteury Ruiz,25,OAK,-0.1,29,65,55,10,11,2,1,2,8,5,4,4,20,0.2,0.27,0.382,0.652,87,0.266,80,21,1,2,2,2,0,7H/8,,ruizes01
227,Miguel Sanó,31,LAA,-0.1,28,95,83,9,17,3,0,2,6,0,0,9,36,0.205,0.295,0.313,0.608,73,0.272,70,26,2,2,0,1,0,5/D3H1,,sanomi01
228,Trevor Story,31,BOS,0.7,26,106,94,8,24,7,0,2,10,6,3,11,33,0.255,0.34,0.394,0.733,104,0.325,104,37,2,1,0,0,2,6,,storytr01
229,Matt Thaiss*,29,LAA,0.6,57,186,157,14,32,9,0,2,16,3,0,28,58,0.204,0.323,0.299,0.622,79,0.295,83,47,2,0,0,1,0,2/DH,,thaisma01
230,Miguel Vargas,24,CHW,-1,42,157,135,11,14,3,0,2,7,2,1,17,41,0.104,0.217,0.17,0.387,14,0.205,25,23,3,3,0,2,0,5/D7H,,vargami01
231,Eric Wagaman,26,LAA,0.4,18,74,72,6,18,5,0,2,10,0,0,2,17,0.25,0.27,0.403,0.673,88,0.291,83,29,1,0,0,0,0,5/7H,,wagamer01
232,Will Wagner*,25,TOR,0.7,24,86,82,8,25,6,0,2,11,0,0,4,16,0.305,0.337,0.451,0.788,124,0.354,130,37,3,0,0,0,0,4/H3D,,wagnewi01
233,Jamie Westbrook,29,BOS,-0.1,21,48,40,4,6,2,0,2,7,0,0,4,14,0.15,0.234,0.35,0.584,60,0.271,63,14,0,1,0,2,0,4/H59D,,westbja02
234,Jordyn Adams,24,LAA,-0.2,11,38,35,4,8,0,0,1,4,2,0,3,12,0.229,0.289,0.314,0.604,72,0.28,67,11,1,0,0,0,0,/987H,,adamsjo03
235,Ehire Adrianza#,34,LAA,0.1,8,28,26,4,5,1,0,1,2,0,0,2,11,0.192,0.25,0.346,0.596,67,0.255,58,9,1,0,0,0,0,/54H,,adriaeh01
236,Nick Allen,25,OAK,0.2,41,105,97,6,17,4,0,1,4,0,0,5,20,0.175,0.216,0.247,0.463,35,0.215,33,24,0,0,3,0,0,6/5H4,,allenni02
237,Jon Berti,34,NYY,0.6,25,74,66,10,18,0,0,1,6,5,1,6,14,0.273,0.342,0.318,0.661,90,0.334,108,21,2,1,1,0,0,5/H47D,,bertijo01
238,Trey Cabbage*,27,HOU,-0.1,45,91,86,12,18,8,0,1,8,1,1,4,34,0.209,0.253,0.337,0.59,68,0.255,63,29,1,1,0,0,0,9H7/D,,cabbatr01
239,Gustavo Campero#,26,LAA,-0.1,13,48,46,6,11,0,1,1,6,3,0,0,8,0.239,0.271,0.348,0.619,74,0.305,83,16,0,2,0,0,0,9/7H,,campegu01
240,Jonatan Clase#,22,2TM,-0.1,26,66,61,7,15,2,0,1,5,3,1,3,17,0.246,0.303,0.328,0.631,86,0.299,94,20,1,2,0,0,0,7/8HD,,clasejo01
240,Jonatan Clase#,22,SEA,-0.2,19,43,41,4,8,1,0,0,3,3,0,2,14,0.195,0.233,0.22,0.452,36,0.221,32,9,1,0,0,0,0,7/H8D,,clasejo01
240,Jonatan Clase#,22,TOR,0.2,7,23,20,3,7,1,0,1,2,0,1,1,3,0.35,0.435,0.55,0.985,180,0.443,210,11,0,2,0,0,0,/8H,,clasejo01
241,Bobby Dalbec,29,BOS,-0.8,37,93,83,6,11,2,0,1,8,3,0,8,43,0.133,0.217,0.193,0.41,16,0.196,4,16,1,1,1,0,0,35/H9D,,dalbebo01
242,Zach DeLoach*,25,CHW,-0.1,22,75,67,10,14,5,0,1,5,0,1,8,21,0.209,0.293,0.328,0.622,79,0.28,84,22,0,0,0,0,0,9/7H8D,,deloaza01
243,Dillon Dingler,25,DET,-0.3,27,87,84,2,14,5,2,1,11,0,0,3,30,0.167,0.195,0.31,0.505,41,0.217,31,26,2,0,0,0,0,2,,dingldi01
244,Logan Driscoll*,26,TBR,-0.1,15,37,35,2,6,0,0,1,5,0,0,1,6,0.171,0.189,0.257,0.446,27,0.186,11,9,0,0,0,1,0,2,,drisclo01
245,Dominic Fletcher*,26,CHW,-0.4,72,241,223,14,46,8,0,1,17,0,0,11,58,0.206,0.252,0.256,0.508,47,0.225,38,57,5,3,2,1,1,98/H7,,fletcdo01
246,Ben Gamel*,32,HOU,0.1,20,69,58,13,15,3,0,1,4,0,0,11,17,0.259,0.377,0.362,0.739,115,0.328,113,21,0,0,0,0,1,9/7H,,gamelbe01
247,Dustin Harris*,24,TEX,0.2,2,7,6,1,2,1,0,1,3,0,0,1,2,0.333,0.429,1,1.429,294,0.568,285,6,0,0,0,0,0,/D,,harridu01
248,Darell Hernaiz,22,OAK,-0.8,48,135,120,8,23,3,0,1,12,1,1,11,27,0.192,0.261,0.242,0.503,48,0.235,51,29,4,1,1,2,0,56/H4,,hernada04
249,Aaron Hicks#,34,LAA,-0.7,18,63,57,6,8,0,0,1,5,0,0,6,23,0.14,0.222,0.193,0.415,20,0.196,15,11,1,0,0,0,0,/9DH781,,hicksaa01
250,Travis Jankowski*,33,TEX,0.3,104,207,190,19,38,5,0,1,12,11,1,12,44,0.2,0.266,0.242,0.508,48,0.256,54,46,3,5,0,0,0,9H7D8,,jankotr01
251,Jahmai Jones,26,NYY,0,33,47,42,8,10,1,1,1,4,1,1,2,16,0.238,0.304,0.381,0.685,93,0.293,89,16,0,2,1,0,0,H/9D745,,jonesja08
252,DaShawn Keirsey*,27,MIN,0,6,14,13,1,2,0,0,1,1,0,0,0,1,0.154,0.214,0.385,0.599,64,0.254,55,5,0,1,0,0,0,/87,,keirsda01
253,Buddy Kennedy,25,DET,0.2,6,13,10,2,2,0,0,1,4,1,0,2,4,0.2,0.308,0.5,0.808,125,0.35,114,5,0,0,0,1,0,/4H5,,kennebu01
254,Andrew Knizner,29,TEX,-0.9,35,93,90,5,15,1,0,1,9,0,0,1,22,0.167,0.183,0.211,0.394,13,0.183,9,19,2,1,0,1,0,2/1D,,kniznan01
255,Ryan Kreidler,26,DET,-0.5,35,65,59,9,7,0,0,1,2,5,3,6,19,0.119,0.2,0.169,0.369,7,0.17,1,10,2,0,0,0,0,6/5H78D,,kreidry01
256,Ramón Laureano,29,CLE,0,31,83,70,7,10,3,0,1,4,3,1,7,32,0.143,0.265,0.229,0.494,43,0.248,52,16,1,5,0,1,0,98/H,,laurera01
257,Nick Loftin,25,KCR,0.2,56,171,148,15,28,4,0,1,14,1,0,19,24,0.189,0.282,0.236,0.519,49,0.258,56,35,4,1,1,2,0,45H/3D71,,loftini01
258,Jack López,31,LAA,0,27,71,67,4,17,3,0,1,6,0,1,2,25,0.254,0.286,0.343,0.629,78,0.289,87,23,2,1,1,0,0,4/6H9,,lopezja03
259,Nicky Lopez*,29,CHW,0.2,124,445,398,40,96,12,3,1,21,5,7,37,67,0.241,0.312,0.294,0.606,76,0.282,83,117,3,4,6,0,0,46/H,,lopezni01
260,Nathan Lukes*,29,TOR,1.1,22,91,76,13,23,4,2,1,10,1,0,10,9,0.303,0.371,0.447,0.818,133,0.355,130,34,1,0,2,3,0,7/98HD,,lukesna01
261,Bligh Madris*,28,DET,0.1,21,75,67,8,18,3,0,1,5,0,0,6,20,0.269,0.324,0.358,0.683,95,0.298,89,24,0,0,0,1,0,3/9H,,madribl01
262,Austin Martin,25,MIN,-1,93,257,233,41,59,18,1,1,16,7,3,20,47,0.253,0.318,0.352,0.67,89,0.299,87,82,4,2,2,0,0,78H4/D,,martiau01
263,Curtis Mead,23,TBR,-0.5,38,132,122,10,29,3,0,1,7,2,0,6,30,0.238,0.282,0.287,0.569,65,0.259,61,35,2,2,0,1,0,45/DH3,,meadcu01
264,Ryan Noda*,28,OAK,-0.6,36,111,95,8,13,4,0,1,4,0,0,14,37,0.137,0.255,0.211,0.465,38,0.222,40,20,0,1,1,0,0,3/H9D,,nodary01
265,Kyren Paris,22,LAA,-0.3,21,59,51,4,6,2,0,1,5,1,0,7,17,0.118,0.224,0.216,0.44,26,0.225,32,11,1,0,0,0,0,4/H6D,,parisky01
266,Oswald Peraza,24,NYY,0.1,4,11,10,2,2,0,0,1,1,0,0,1,3,0.2,0.273,0.5,0.773,113,0.329,110,5,0,0,0,0,0,/5,,perazos02
267,Harold Ramírez,29,TBR,0.1,48,169,164,21,44,3,0,1,13,5,2,3,33,0.268,0.284,0.305,0.589,70,0.267,69,50,2,1,0,1,0,D/H97,,ramirha02
268,Austin Shenton*,26,TBR,0.1,19,50,42,3,9,5,0,1,3,0,0,8,14,0.214,0.34,0.405,0.745,114,0.329,114,17,1,0,0,0,0,3/HD,,shentau01
269,Braden Shewmake*,26,CHW,-0.6,29,67,64,4,8,2,0,1,4,5,1,1,10,0.125,0.134,0.203,0.337,-5,0.154,-19,13,0,0,0,2,0,6/54HD,,shewmbr01
270,Austin Slater,31,BAL,0.5,33,79,69,10,17,3,0,1,6,1,1,8,23,0.246,0.342,0.333,0.675,100,0.311,109,23,2,2,0,0,0,79H/8,,slateau01
271,Kyle Stowers*,26,BAL,0.2,19,37,36,3,11,4,0,1,9,0,1,0,13,0.306,0.297,0.5,0.797,129,0.346,141,18,0,0,0,1,0,/97HD,,stoweky01
272,Ryan Vilade,25,DET,-0.7,17,49,45,5,8,0,0,1,5,0,0,2,12,0.178,0.208,0.244,0.453,29,0.218,31,11,2,0,1,1,0,7/98H3,,viladry01
273,Daniel Vogelbach*,31,TOR,-0.4,31,79,70,5,13,5,0,1,8,0,0,9,17,0.186,0.278,0.3,0.578,66,0.262,65,21,4,0,0,0,0,DH,,vogelda01
274,Taylor Walls#,27,TBR,1.4,84,252,218,27,40,5,3,1,14,16,4,31,67,0.183,0.282,0.248,0.529,55,0.251,53,54,3,0,0,3,0,6/HD,,wallsta01
275,Jared Walsh*,30,TEX,-0.2,17,60,53,9,12,2,0,1,7,0,0,7,21,0.226,0.317,0.321,0.637,85,0.288,84,17,2,0,0,0,0,3/H,,walshja01
276,Davis Wendzel,27,TEX,-0.1,27,49,47,2,6,2,0,1,2,0,0,1,12,0.128,0.163,0.234,0.397,13,0.174,3,11,1,1,0,0,0,5/HD43,,wendzda01
277,Seby Zavala,30,SEA,-0.3,18,43,39,4,6,2,0,1,2,0,0,3,16,0.154,0.214,0.282,0.496,46,0.221,43,11,2,0,1,0,0,2,,zavalse01
278,CJ Alexander*,27,KCR,-0.2,4,8,8,0,1,0,0,0,0,0,0,0,3,0.125,0.125,0.125,0.25,-29,0.112,-48,1,0,0,0,0,0,/5DH,,alexacj01
279,Armando Alvarez,29,OAK,-0.4,16,39,37,7,9,1,0,0,2,1,0,2,8,0.243,0.282,0.27,0.552,63,0.252,57,10,1,0,0,0,0,/53H74,,alvarar01
280,Jacob Amaya,25,2TM,-0.1,24,72,68,4,12,1,0,0,3,1,0,4,28,0.176,0.222,0.191,0.413,21,0.191,13,13,3,0,0,0,0,4-Jun,,amayaja01
280,Jacob Amaya,25,HOU,0,1,1,1,0,0,0,0,0,0,0,0,0,0,0,0,0,0,-100,0,-127,0,0,0,0,0,0,/4,,amayaja01
280,Jacob Amaya,25,CHW,0,23,71,67,4,12,1,0,0,3,1,0,4,28,0.179,0.225,0.194,0.419,23,0.194,15,13,3,0,0,0,0,6,,amayaja01
281,Chase Anderson,36,BOS,0,1,0,0,0,0,0,0,0,0,0,0,0,0,,,,,,,,0,0,0,0,0,0,1,,anderch01
282,Pedro Avila,27,CLE,0,1,0,0,0,0,0,0,0,0,0,0,0,0,,,,,,,,0,0,0,0,0,0,1,,avilape01
283,David Bañuelos,27,BAL,,1,1,1,0,0,0,0,0,0,0,0,0,0,0,0,0,0,-100,0,-127,0,0,0,0,0,0,/H,,banueda01
284,Mike Baumann,28,2TM,0,2,0,0,0,0,0,0,0,0,0,0,0,0,,,,,,,,0,0,0,0,0,0,1,,baumami01
284,Mike Baumann,28,BAL,0,1,0,0,0,0,0,0,0,0,0,0,0,0,,,,,,,,0,0,0,0,0,0,1,,baumami01
284,Mike Baumann,28,SEA,0,1,0,0,0,0,0,0,0,0,0,0,0,0,,,,,,,,0,0,0,0,0,0,1,,baumami01
285,Brennan Bernardino*,32,BOS,0,1,0,0,0,0,0,0,0,0,0,0,0,0,,,,,,,,0,0,0,0,0,0,1,,bernabr01
286,Steward Berroa#,25,TOR,0.3,28,45,37,7,7,1,0,0,1,6,2,8,14,0.189,0.333,0.216,0.55,63,0.298,83,8,0,0,0,0,0,9H/78D,,berrost01
287,Rob Brantly*,34,TBR,0,3,9,9,0,1,0,0,0,0,0,0,0,2,0.111,0.111,0.111,0.222,-36,0.099,-51,1,0,0,0,0,0,/2,,brantro01
288,John Brebbia*,34,CHW,0,1,0,0,0,0,0,0,0,0,0,0,0,0,,,,,,,,0,0,0,0,0,0,1,,brebbjo01
289,Kris Bubic*,26,KCR,0,1,0,0,0,0,0,0,0,0,0,0,0,0,,,,,,,,0,0,0,0,0,0,1,,bubickr01
290,Génesis Cabrera*,27,TOR,0,1,0,0,0,0,0,0,0,0,0,0,0,0,,,,,,,,0,0,0,0,0,0,1,,cabrege01
291,Jair Camargo,24,MIN,-0.1,5,7,6,1,0,0,0,0,0,0,0,1,3,0,0.143,0,0.143,-54,0.098,-57,0,0,0,0,0,0,/2DH,,camarja01
292,Isaiah Campbell,26,BOS,0,2,0,0,0,0,0,0,0,0,0,0,0,0,,,,,,,,0,0,0,0,0,0,/1,,campbis01
293,Diego Castillo,26,MIN,0.2,4,8,6,3,2,1,0,0,2,0,0,2,1,0.333,0.5,0.5,1,184,0.439,189,3,0,0,0,0,0,/5DH,,castidi02
294,Luis Castillo,31,SEA,0,1,1,1,0,0,0,0,0,0,0,0,0,1,0,0,0,0,-100,0,-118,0,0,0,0,0,0,1,,castilu02
295,Oscar Colás*,25,CHW,0.1,13,38,33,1,9,0,0,0,4,0,1,4,10,0.273,0.368,0.273,0.641,89,0.285,91,9,0,1,0,0,0,/98H,,colasos01
296,Garrett Cooper,33,BOS,-0.9,24,75,70,3,12,4,0,0,5,0,0,3,22,0.171,0.227,0.229,0.455,28,0.207,19,16,2,2,0,0,0,3/DH,,coopega03
297,Danny Coulombe*,34,BAL,0,1,0,0,0,0,0,0,0,0,0,0,0,0,,,,,,,,0,0,0,0,0,0,1,,couloda01
298,Luis De Los Santos,26,TOR,-0.1,13,31,29,2,5,2,0,0,1,0,0,2,10,0.172,0.226,0.241,0.467,34,0.208,26,7,2,0,0,0,0,5/H37,,deloslu03
299,Aledmys Díaz,33,2TM,-0.6,14,34,33,2,3,0,0,0,1,0,0,1,9,0.091,0.118,0.091,0.209,-38,0.099,-49,3,0,0,0,0,0,/634H57,,diazal02
299,Aledmys Díaz,33,OAK,-0.5,12,30,29,2,3,0,0,0,1,0,0,1,7,0.103,0.133,0.103,0.237,-29,0.112,-39,3,0,0,0,0,0,/63457H,,diazal02
299,Aledmys Díaz,33,HOU,-0.1,2,4,4,0,0,0,0,0,0,0,0,0,2,0,0,0,0,-100,0,-124,0,0,0,0,0,0,/34H,,diazal02
300,Seranthony Domínguez,29,BAL,0,1,0,0,0,0,0,0,0,0,0,0,0,0,,,,,,,,0,0,0,0,0,0,1,,dominse01
301,Matt Duffy,33,TEX,0.2,4,10,7,2,2,0,0,0,0,0,0,2,1,0.286,0.5,0.286,0.786,135,0.388,156,2,0,1,0,0,0,/5H,,duffyma01
302,Duke Ellis*,26,2TM,-0.1,11,5,5,1,1,0,0,0,0,5,0,0,2,0.2,0.2,0.2,0.4,16,0.427,11,1,0,0,0,0,0,/H789D,,ellisdu01
302,Duke Ellis*,26,CHW,-0.2,8,4,4,1,0,0,0,0,0,4,0,0,2,0,0,0,0,-100,0.248,-118,0,0,0,0,0,0,/H789D,,ellisdu01
302,Duke Ellis*,26,NYY,0.1,3,1,1,0,1,0,0,0,0,1,0,0,0,1,1,1,2,473,1.142,536,1,0,0,0,0,0,/H7,,ellisdu01
303,Mason Englert#,24,DET,0,1,0,0,0,0,0,0,0,0,0,0,0,0,,,,,,,,0,0,0,0,0,0,1,,englema01
304,Sandro Fabian,26,TEX,-0.1,3,5,5,0,0,0,0,0,0,0,0,0,0,0,0,0,0,-100,0,-121,0,0,0,0,0,0,/79,,fabiasa01
305,Jason Foley,28,DET,0,1,0,0,0,0,0,0,0,0,0,0,0,0,,,,,,,,0,0,0,0,0,0,1,,foleyja01
306,Justin Foscue,25,TEX,-0.7,15,44,42,3,2,1,0,0,1,0,0,2,18,0.048,0.091,0.071,0.162,-52,0.08,-65,3,0,0,0,0,0,D/4H3,,foscuju01
307,Hunter Gaddis,26,CLE,0,1,0,0,0,0,0,0,0,0,0,0,0,0,,,,,,,,0,0,0,0,0,0,1,,gaddihu01
308,Mickey Gasper#,28,BOS,-0.2,13,23,18,1,0,0,0,0,0,0,0,4,8,0,0.217,0,0.217,-32,0.151,-22,0,1,1,0,0,0,/4HD3,,gaspemi01
309,Tyler Gentry,25,KCR,-0.1,3,5,5,0,0,0,0,0,0,0,0,0,2,0,0,0,0,-100,0,-125,0,0,0,0,0,0,/9H,,gentrty01
310,Niko Goodrum#,32,2TM,-0.8,13,33,29,2,3,0,0,0,0,1,1,3,10,0.103,0.188,0.103,0.291,-13,0.168,1,3,0,0,1,0,0,/7H3546,,goodrni01
310,Niko Goodrum#,32,TBR,-0.4,9,18,16,1,3,0,0,0,0,0,1,1,6,0.188,0.235,0.188,0.423,24,0.169,16,3,0,0,1,0,0,/7H346,,goodrni01
310,Niko Goodrum#,32,LAA,-0.5,4,15,13,1,0,0,0,0,0,1,0,2,4,0,0.133,0,0.133,-57,0.168,-16,0,0,0,0,0,0,/53,,goodrni01
311,Tristan Gray*,28,OAK,0,8,24,21,0,3,1,0,0,0,0,0,3,13,0.143,0.25,0.19,0.44,31,0.212,33,4,0,0,0,0,0,/35H,,graytr01
312,Chad Green*,33,TOR,0,1,0,0,0,0,0,0,0,0,0,0,0,0,,,,,,,,0,0,0,0,0,0,1,,greench03
313,Vaughn Grissom,23,BOS,-0.2,31,114,105,10,20,3,0,0,6,2,0,7,24,0.19,0.246,0.219,0.465,31,0.234,35,23,3,1,0,1,0,4/DH,,grissva01
314,Luis Guillorme*,29,LAA,0.1,50,117,104,6,24,5,1,0,3,1,2,11,23,0.231,0.302,0.298,0.6,72,0.272,74,31,4,0,1,1,0,45/H61D,,guilllu01
315,Yuli Gurriel,40,KCR,0.1,18,65,54,7,13,3,0,0,6,1,0,9,15,0.241,0.338,0.296,0.635,82,0.289,78,16,1,0,0,2,0,3/DH,,gourryu01
316,Josh Hader*,30,HOU,0,3,0,0,0,0,0,0,0,0,0,0,0,0,,,,,,,,0,0,0,0,0,0,1,,haderjo01
317,Sam Haggerty#,30,SEA,-0.3,8,16,15,1,1,0,0,0,1,1,0,1,4,0.067,0.125,0.067,0.192,-41,0.114,-43,1,0,0,0,0,0,/7H9D,,haggesa01
318,Garrett Hampson,29,KCR,0.4,113,231,213,16,49,13,1,0,16,7,2,14,59,0.23,0.275,0.3,0.576,63,0.259,56,64,3,0,2,2,0,8H74/36951,,hampsga01
319,Hunter Harvey,29,KCR,0,1,0,0,0,0,0,0,0,0,0,0,0,0,,,,,,,,0,0,0,0,0,0,/1,,harvehu01
320,Jonathan Heasley,27,BAL,0,1,0,0,0,0,0,0,0,0,0,0,0,0,,,,,,,,0,0,0,0,0,0,/1,,heasljo01
321,Tyler Heineman#,33,2TM,0.2,7,16,12,2,1,0,0,0,0,0,0,3,6,0.083,0.313,0.083,0.396,22,0.223,35,1,0,1,0,0,0,/21D,,heinety01
321,Tyler Heineman#,33,BOS,0.1,2,3,2,0,0,0,0,0,0,0,0,0,1,0,0.333,0,0.333,5,0.239,41,0,0,1,0,0,0,/2D,,heinety01
321,Tyler Heineman#,33,TOR,0.1,5,13,10,2,1,0,0,0,0,0,0,3,5,0.1,0.308,0.1,0.408,25,0.22,34,1,0,0,0,0,0,/21,,heinety01
322,Michael Helman,28,MIN,0.1,9,10,10,2,3,2,0,0,0,0,0,0,3,0.3,0.3,0.5,0.8,120,0.329,109,5,0,0,0,0,0,/8H759,,helmami01
323,Jonathan Hernández,27,TEX,0,1,0,0,0,0,0,0,0,0,0,0,0,0,,,,,,,,0,0,0,0,0,0,1,,hernajo02
324,Keston Hiura,27,LAA,-0.6,10,27,27,1,4,0,0,0,1,0,1,0,10,0.148,0.148,0.148,0.296,-15,0.11,-33,4,0,0,0,0,0,/4DH,,hiurake01
325,Spencer Howard,27,CLE,0,1,0,0,0,0,0,0,0,0,0,0,0,0,,,,,,,,0,0,0,0,0,0,/1,,howarsp01
326,Sam Huff,26,TEX,0,3,4,3,0,0,0,0,0,0,0,0,1,2,0,0.25,0,0.25,-19,0.172,0,0,0,0,0,0,0,/2H,,huffsa01
327,Cooper Hummel#,29,HOU,-0.1,6,8,8,0,0,0,0,0,0,1,0,0,2,0,0,0,0,-100,0.143,-42,0,1,0,0,0,0,/H7D,,hummeco01
328,Kenley Jansen#,36,BOS,0,1,0,0,0,0,0,0,0,0,0,0,0,0,,,,,,,,0,0,0,0,0,0,1,,janseke01
329,Daniel Johnson*,28,BAL,0,1,1,1,1,0,0,0,0,0,0,0,0,0,0,0,0,0,-100,0,-127,0,0,0,0,0,0,/9H,,johnsda07
330,Jace Jung*,23,DET,-0.4,34,94,79,14,19,5,0,0,3,0,1,15,29,0.241,0.362,0.304,0.665,93,0.304,97,24,3,0,0,0,0,5H/D4,,jungja01
331,Tony Kemp*,32,BAL,-0.2,5,10,9,1,0,0,0,0,0,0,0,1,1,0,0.1,0,0.1,-67,0.069,-67,0,0,0,0,0,0,/4H7,,kempto01
332,Grae Kessinger,26,HOU,-0.4,22,25,21,4,0,0,0,0,0,0,0,3,7,0,0.16,0,0.16,-48,0.111,-42,0,1,1,0,0,0,/H546D13,,kessigr01
333,Craig Kimbrel,36,BAL,0,1,0,0,0,0,0,0,0,0,0,0,0,0,,,,,,,,0,0,0,0,0,0,1,,kimbrcr01
334,Bryan King,27,HOU,0,1,0,0,0,0,0,0,0,0,0,0,0,0,,,,,,,,0,0,0,0,0,0,1,,kingbr02
335,Michael Kopech,28,CHW,0,1,0,0,0,0,0,0,0,0,0,0,0,0,,,,,,,,0,0,0,0,0,0,1,,kopecmi01
336,Jacob Latz,28,TEX,0,1,0,0,0,0,0,0,0,0,0,0,0,0,,,,,,,,0,0,0,0,0,0,1,,latzja01
337,José Leclerc,30,TEX,0,1,0,0,0,0,0,0,0,0,0,0,0,0,,,,,,,,0,0,0,0,0,0,1,,leclejo01
338,Pedro León,26,HOU,-0.3,7,21,20,2,2,0,0,0,0,2,0,1,10,0.1,0.143,0.1,0.243,-28,0.141,-38,2,2,0,0,0,0,/9H,,leonpe01
339,Cade Marlowe*,27,SEA,0,8,9,8,1,2,0,0,0,0,0,0,1,1,0.25,0.333,0.25,0.583,77,0.275,82,2,1,0,0,0,0,/98HD,,marloca01
340,Chris Martin,38,BOS,0,2,0,0,0,0,0,0,0,0,0,0,0,0,,,,,,,,0,0,0,0,0,0,1,,martich02
341,Orelvis Martínez,22,TOR,0,1,3,3,0,1,0,0,0,0,0,0,0,1,0.333,0.333,0.333,0.667,92,0.298,91,1,0,0,0,0,0,/4,,martior01
342,Nick Maton*,27,BAL,-0.1,5,5,5,0,0,0,0,0,0,0,0,0,2,0,0,0,0,-100,0,-116,0,0,0,0,0,0,/5H4D,,matonni01
343,Coby Mayo,22,BAL,-0.7,17,46,41,4,4,0,0,0,0,0,0,4,22,0.098,0.196,0.098,0.293,-10,0.153,-7,4,1,1,0,0,0,5/H3,,mayoco01
344,James McArthur,27,KCR,0,2,0,0,0,0,0,0,0,0,0,0,0,0,,,,,,,,0,0,0,0,0,0,1,,mcartja01
345,Kameron Misner*,26,TBR,-0.3,8,15,15,0,1,0,0,0,0,0,0,0,10,0.067,0.067,0.067,0.133,-61,0.06,-79,1,0,0,0,0,0,/7H8,,misneka01
346,Yoán Moncada#,29,CHW,0.3,12,45,40,4,11,3,1,0,0,1,0,5,11,0.275,0.356,0.4,0.756,117,0.337,116,16,2,0,0,0,0,5/DH,,moncayo01
347,Carlos Narváez,25,NYY,0.1,6,15,13,0,3,0,0,0,0,0,0,2,6,0.231,0.333,0.231,0.564,65,0.27,69,3,0,0,0,0,0,/2H,,narvaca01
348,Jonathan Ornelas,24,TEX,0,18,40,37,1,8,2,0,0,3,0,0,2,13,0.216,0.256,0.27,0.527,52,0.237,46,10,0,0,1,0,0,/564H8,,orneljo01
349,Rafael Ortega*,33,CHW,-0.2,14,17,14,4,1,0,0,0,1,2,0,2,4,0.071,0.176,0.071,0.248,-24,0.21,8,1,1,0,0,1,0,8/H9D,,ortegra01
350,Cristian Pache,25,BAL,0.1,3,1,1,0,1,0,0,0,0,0,0,0,0,1,1,1,2,493,0.795,464,1,0,0,0,0,0,/9H,,pachecr01
351,Zach Penrod*,27,BOS,0,1,0,0,0,0,0,0,0,0,0,0,0,0,,,,,,,,0,0,0,0,0,0,/1,,penroza01
352,Ryan Pressly,35,HOU,0,2,0,0,0,0,0,0,0,0,0,0,0,0,,,,,,,,0,0,0,0,0,0,1,,pressry01
353,José Quijada*,28,LAA,0,1,0,0,0,0,0,0,0,0,0,0,0,0,,,,,,,,0,0,0,0,0,0,1,,quijajo01
354,Zach Remillard,30,CHW,0.2,15,39,33,3,8,1,1,0,1,1,0,5,10,0.242,0.342,0.333,0.675,96,0.331,111,11,1,0,1,0,0,/456H78D,,remilza01
355,Anthony Rendon,34,LAA,0.6,57,238,206,21,45,10,0,0,14,6,1,23,35,0.218,0.307,0.267,0.574,66,0.283,75,55,4,5,0,4,0,5/D,,rendoan01
356,Pablo Reyes,30,BOS,-0.7,21,64,60,4,11,2,0,0,5,1,2,3,19,0.183,0.234,0.217,0.451,27,0.196,20,13,1,1,0,0,0,5/436H1,,reyespa01
357,Leo Rivas#,26,SEA,0.3,43,86,73,10,17,1,1,0,8,3,0,10,24,0.233,0.333,0.274,0.607,84,0.29,87,20,1,1,2,0,0,6H4/D15,,rivasle01
358,David Robertson,39,TEX,0,2,0,0,0,0,0,0,0,0,0,0,0,0,,,,,,,,0,0,0,0,0,0,1,,roberda08
359,Chuckie Robinson,29,CHW,-0.5,26,76,70,2,9,0,0,0,0,0,0,5,20,0.129,0.197,0.129,0.326,-3,0.171,0,9,1,1,0,0,0,2/H,,robinch04
360,Johnathan Rodríguez,24,CLE,-0.4,13,40,31,6,4,1,0,0,5,0,0,9,14,0.129,0.325,0.161,0.486,46,0.25,55,5,1,0,0,0,0,9/H7D,,rodrijo10
361,Yerry Rodríguez,26,TEX,0,1,0,0,0,0,0,0,0,0,0,0,0,0,,,,,,,,0,0,0,0,0,0,1,,rodriye01
362,César Salazar*,28,HOU,0.2,12,32,25,5,8,2,0,0,8,0,0,2,6,0.32,0.387,0.4,0.787,128,0.344,125,10,0,2,1,2,0,2/DH,,salazce01
363,Nick Senzel,29,CHW,-0.7,10,32,30,0,3,1,0,0,0,0,0,1,8,0.1,0.129,0.133,0.262,-24,0.12,-41,4,0,0,1,0,0,/5D9H,,senzeni01
364,Brian Serven,29,TOR,0.2,28,71,63,6,10,4,0,0,3,0,0,5,22,0.159,0.243,0.222,0.465,35,0.229,40,14,0,2,1,0,0,2/H,,servebr01
365,Zack Short,29,BOS,-0.2,2,7,7,0,0,0,0,0,0,0,0,0,4,0,0,0,0,-100,0,-130,0,0,0,0,0,0,/45,,shortza01
366,Chase Shugart*,27,BOS,0,1,0,0,0,0,0,0,0,0,0,0,0,0,,,,,,,,0,0,0,0,0,0,/1,,shugach01
367,Kevin Smith,27,NYY,0,2,0,0,0,0,0,0,0,0,0,0,0,0,,,,,,,,0,0,0,0,0,0,/HD,,smithke05
368,Nick Sogard#,26,BOS,0.3,31,86,77,13,21,4,0,0,8,3,0,7,25,0.273,0.326,0.325,0.65,82,0.299,79,25,4,0,0,2,0,4/65H3,,sogarni01
369,Liván Soto*,24,BAL,0.2,12,13,10,1,3,1,0,0,0,0,0,3,2,0.3,0.462,0.4,0.862,157,0.392,164,4,0,0,0,0,0,/456DH,,sotoli01
370,Ryne Stanek,32,SEA,0,1,0,0,0,0,0,0,0,0,0,0,0,0,,,,,,,,0,0,0,0,0,0,1,,stanery01
371,Michael Stefanic,28,LAA,-0.2,40,124,110,8,24,4,0,0,8,0,0,10,20,0.218,0.301,0.255,0.555,61,0.256,58,28,5,3,1,0,0,4/HD15,,stefami01
372,Myles Straw,29,CLE,-0.1,7,4,4,2,1,0,0,0,0,2,0,0,0,0.25,0.25,0.25,0.5,44,0.348,38,1,0,0,0,0,0,/8HD,,strawmy01
373,Albert Suárez,34,BAL,0,1,0,0,0,0,0,0,0,0,0,0,0,0,,,,,,,,0,0,0,0,0,0,1,,suareal01
374,Samad Taylor,25,SEA,0.1,3,5,5,2,2,0,0,0,0,0,0,0,1,0.4,0.4,0.4,0.8,139,0.338,128,2,0,0,0,0,0,/78H,,taylosa04
375,José Tena*,23,CLE,-0.1,3,4,4,0,0,0,0,0,0,0,0,0,2,0,0,0,0,-100,0,-124,0,0,0,0,0,0,/5DH,,tenajo01
376,Bryce Teodosio,25,LAA,-0.2,5,12,12,1,1,0,0,0,0,0,0,0,5,0.083,0.083,0.083,0.167,-52,0.141,-24,1,0,0,0,0,0,/8DH,,teodobr01
377,Trent Thornton,30,SEA,0,1,0,0,0,0,0,0,0,0,0,0,0,0,,,,,,,,0,0,0,0,0,0,1,,thorntr01
378,Taylor Trammell*,26,NYY,-0.1,5,2,1,2,1,0,0,0,0,0,0,1,0,1,1,1,2,472,0.79,435,1,0,0,0,0,0,/H79D,,trammta01
379,Cole Tucker#,27,LAA,-0.5,24,57,50,3,9,4,1,0,3,3,1,6,17,0.18,0.263,0.3,0.563,60,0.255,55,15,0,0,0,1,0,/5D7H1,,tuckeco01
380,José Ureña,32,TEX,0,2,0,0,0,0,0,0,0,0,0,0,0,0,,,,,,,,0,0,0,0,0,0,1,,urenajo01
381,Jason Vosler*,30,SEA,-0.1,10,30,28,2,5,1,1,0,3,0,0,2,9,0.179,0.233,0.286,0.519,53,0.229,50,8,0,0,0,0,0,/3DH79,,vosleja01
382,Austin Voth,32,SEA,0,1,0,0,0,0,0,0,0,0,0,0,0,0,,,,,,,,0,0,0,0,0,0,1,,vothau01
383,Drew Waters#,25,KCR,0,7,19,16,2,3,1,0,0,1,0,0,2,6,0.188,0.316,0.25,0.566,63,0.265,63,4,0,1,0,0,0,/97H,,waterdr01
384,Jacob Webb,30,BAL,0,1,0,0,0,0,0,0,0,0,0,0,0,0,,,,,,,,0,0,0,0,0,0,1,,webbja01
385,Shay Whitcomb,25,HOU,-0.4,20,46,41,1,9,3,0,0,5,0,0,5,8,0.22,0.304,0.293,0.597,73,0.27,72,12,1,0,0,0,0,5/H4,,whitcsh01
386,Owen White,24,TEX,0,1,0,0,0,0,0,0,0,0,0,0,0,0,,,,,,,,0,0,0,0,0,0,/1,,whiteow01
387,Jacob Wilson,22,OAK,-0.2,28,103,92,11,23,2,2,0,3,0,0,8,10,0.25,0.314,0.315,0.629,85,0.281,82,29,4,1,1,1,0,6/H,,wilsoja05
388,Josh Winckowski,26,BOS,0,1,0,0,0,0,0,0,0,0,0,0,0,0,,,,,,,,0,0,0,0,0,0,1,,winckjo01
389,Kirby Yates*,37,TEX,0,3,0,0,0,0,0,0,0,0,0,0,0,0,,,,,,,,0,0,0,0,0,0,1,AS,yateski01
390,Guillo Zuñiga,25,LAA,0,1,0,0,0,0,0,0,0,0,0,0,0,0,,,,,,,,0,0,0,0,0,0,1,,zuniggu01
,League Average,,,,,,,,,,,,,,,,,0.24,0.309,0.394,0.703,100,0.313,100,,,,,,,,,-9999
